epoch,epoch_steps,epoch_rewards,epoch_time,epoch_avg_q,total_steps,epsilon,beta,memory_len,total_run_time,dueling,noisy_net,pretraining_steps,tau
0,16,0.30000000000000004,0 days 00:00:06.632690,0.022514421,17,1,0.4,17,0 days 00:00:26.458100,True,True,5000,0.005
1,7,-0.6,0 days 00:00:02.081378,0.02859503,25,1,0.4,25,0 days 00:00:32.174615,True,True,5000,0.005
2,7,-0.6,0 days 00:00:02.082436,0.015521534,33,1,0.4,33,0 days 00:00:37.875243,True,True,5000,0.005
3,8,-0.5,0 days 00:00:02.149292,0.037722602,42,1,0.4,42,0 days 00:00:43.642517,True,True,5000,0.005
4,12,-0.10000000000000009,0 days 00:00:04.482246,0.03352239,55,1,0.4,55,0 days 00:00:51.742406,True,True,5000,0.005
5,7,-0.6,0 days 00:00:02.081621,0.027943041,63,1,0.4,63,0 days 00:00:57.443683,True,True,5000,0.005
6,7,-0.6,0 days 00:00:02.082223,0.019054167,71,1,0.4,71,0 days 00:01:03.142873,True,True,5000,0.005
7,7,-0.6,0 days 00:00:02.081948,0.02295252,79,1,0.4,79,0 days 00:01:08.842567,True,True,5000,0.005
8,13,-1.1102230246251565e-16,0 days 00:00:03.532848,0.03321644,93,1,0.4,93,0 days 00:01:15.993776,True,True,5000,0.005
9,11,-0.20000000000000007,0 days 00:00:05.449312,0.017431939,105,1,0.4,105,0 days 00:01:25.060551,True,True,5000,0.005
10,9,-0.4,0 days 00:00:03.766478,0.015237001,115,1,0.4,115,0 days 00:01:32.444359,True,True,5000,0.005
11,8,-0.5,0 days 00:00:02.149474,0.038656794,124,1,0.4,124,0 days 00:01:38.211171,True,True,5000,0.005
12,7,-0.6,0 days 00:00:02.081499,0.022943286,132,1,0.4,132,0 days 00:01:43.910844,True,True,5000,0.005
13,28,1.5000000000000009,0 days 00:00:06.067008,0.008023346,161,1,0.4,161,0 days 00:01:53.595980,True,True,5000,0.005
14,8,-0.5,0 days 00:00:02.149064,0.027727442,170,1,0.4,170,0 days 00:01:59.361765,True,True,5000,0.005
15,8,-0.5,0 days 00:00:02.149047,0.035180423,179,1,0.4,179,0 days 00:02:05.128732,True,True,5000,0.005
16,9,-0.4,0 days 00:00:02.214787,0.025981735,189,1,0.4,189,0 days 00:02:10.961962,True,True,5000,0.005
17,7,-0.6,0 days 00:00:02.083324,0.03035245,197,1,0.4,197,0 days 00:02:16.663375,True,True,5000,0.005
18,8,-0.5,0 days 00:00:02.149835,0.016701445,206,1,0.4,206,0 days 00:02:22.429214,True,True,5000,0.005
19,10,-0.30000000000000004,0 days 00:00:03.833015,0.03654855,217,1,0.4,217,0 days 00:02:29.879343,True,True,5000,0.005
20,16,0.30000000000000004,0 days 00:00:03.717230,0.026722863,234,1,0.4,234,0 days 00:02:37.214566,True,True,5000,0.005
21,19,0.6000000000000003,0 days 00:00:04.950049,0.016252186,254,1,0.4,254,0 days 00:02:45.780847,True,True,5000,0.005
22,15,0.19999999999999996,0 days 00:00:04.682509,0.009202035,270,1,0.4,270,0 days 00:02:54.080376,True,True,5000,0.005
23,27,1.4000000000000008,0 days 00:00:07.031875,0.014276138,298,1,0.4,298,0 days 00:03:04.731586,True,True,5000,0.005
24,8,-0.5,0 days 00:00:02.665548,0.024893679,307,1,0.4,307,0 days 00:03:11.013970,True,True,5000,0.005
25,7,-0.6,0 days 00:00:02.598742,0.012795633,315,1,0.4,315,0 days 00:03:17.231048,True,True,5000,0.005
26,13,-1.1102230246251565e-16,0 days 00:00:05.582518,0.0072735613,329,1,0.4,329,0 days 00:03:26.431860,True,True,5000,0.005
27,8,-0.5,0 days 00:00:02.150064,0.027054759,338,1,0.4,338,0 days 00:03:32.199400,True,True,5000,0.005
28,7,-0.6,0 days 00:00:02.599176,0.008915148,346,1,0.4,346,0 days 00:03:38.415599,True,True,5000,0.005
29,7,-0.6,0 days 00:00:02.083019,0.049760304,354,1,0.4,354,0 days 00:03:44.116752,True,True,5000,0.005
30,7,-0.6,0 days 00:00:02.081958,0.043841578,362,1,0.4,362,0 days 00:03:49.815558,True,True,5000,0.005
31,7,-0.6,0 days 00:00:02.598886,0.017273352,370,1,0.4,370,0 days 00:03:56.033391,True,True,5000,0.005
32,7,-0.6,0 days 00:00:03.116143,0.024440031,378,1,0.4,378,0 days 00:04:02.767175,True,True,5000,0.005
33,7,-0.6,0 days 00:00:02.082769,0.007660133,386,1,0.4,386,0 days 00:04:08.467695,True,True,5000,0.005
34,10,-0.30000000000000004,0 days 00:00:04.348866,0.022904916,397,1,0.4,397,0 days 00:04:16.433958,True,True,5000,0.005
35,15,0.19999999999999996,0 days 00:00:02.615245,0.018926121,413,1,0.4,413,0 days 00:04:22.667189,True,True,5000,0.005
36,7,-0.6,0 days 00:00:02.082383,0.03498685,421,1,0.4,421,0 days 00:04:28.367637,True,True,5000,0.005
37,7,-0.6,0 days 00:00:02.598897,0.028149713,429,1,0.4,429,0 days 00:04:34.584853,True,True,5000,0.005
38,7,-0.6,0 days 00:00:02.083394,0.018820733,437,1,0.4,437,0 days 00:04:40.285741,True,True,5000,0.005
39,7,-0.6,0 days 00:00:02.080525,0.0358939,445,1,0.4,445,0 days 00:04:45.985218,True,True,5000,0.005
40,7,-0.6,0 days 00:00:02.739590,0.0041762316,453,1,0.4,453,0 days 00:04:52.343034,True,True,5000,0.005
41,6,-0.7,0 days 00:00:03.049218,0.030280426,460,1,0.4,460,0 days 00:04:59.019010,True,True,5000,0.005
42,10,-0.30000000000000004,0 days 00:00:03.832456,0.008328934,471,1,0.4,471,0 days 00:05:06.469239,True,True,5000,0.005
43,7,-0.6,0 days 00:00:02.082871,0.030506618,479,1,0.4,479,0 days 00:05:12.169514,True,True,5000,0.005
44,7,-0.6,0 days 00:00:02.081448,0.02698342,487,1,0.4,487,0 days 00:05:17.869092,True,True,5000,0.005
45,7,-0.6,0 days 00:00:02.082076,0.024823075,495,1,0.4,495,0 days 00:05:23.569227,True,True,5000,0.005
46,7,-0.6,0 days 00:00:02.082738,0.03297554,503,1,0.4,503,0 days 00:05:29.270416,True,True,5000,0.005
47,27,1.4000000000000008,0 days 00:00:07.550228,0.017981559,531,1,0.4,531,0 days 00:05:40.438318,True,True,5000,0.005
48,7,-0.6,0 days 00:00:02.082550,0.021108774,539,1,0.4,539,0 days 00:05:46.137927,True,True,5000,0.005
49,13,-1.1102230246251565e-16,0 days 00:00:03.515455,0.028430011,553,1,0.4,553,0 days 00:05:53.270705,True,True,5000,0.005
50,7,-0.6,0 days 00:00:02.082350,0.03775642,561,1,0.4,561,0 days 00:05:58.970692,True,True,5000,0.005
51,15,0.19999999999999996,0 days 00:00:05.199531,0.029031642,577,1,0.4,577,0 days 00:06:07.788760,True,True,5000,0.005
52,10,-0.30000000000000004,0 days 00:00:04.348941,0.028826337,588,1,0.4,588,0 days 00:06:15.755426,True,True,5000,0.005
53,21,0.8000000000000005,0 days 00:00:07.149948,0.01690246,610,1,0.4,610,0 days 00:06:26.523092,True,True,5000,0.005
54,15,0.19999999999999996,0 days 00:00:04.684086,0.017784618,626,1,0.4,626,0 days 00:06:34.823366,True,True,5000,0.005
55,9,-0.4,0 days 00:00:03.765564,0.010071785,636,1,0.4,636,0 days 00:06:42.206305,True,True,5000,0.005
56,8,-0.5,0 days 00:00:03.183222,0.030592429,645,1,0.4,645,0 days 00:06:49.007242,True,True,5000,0.005
57,8,-0.5,0 days 00:00:03.183184,0.027959045,654,1,0.4,654,0 days 00:06:55.807308,True,True,5000,0.005
58,8,-0.5,0 days 00:00:03.181763,0.0047547393,663,1,0.4,663,0 days 00:07:02.607012,True,True,5000,0.005
59,18,0.5000000000000002,0 days 00:00:03.849630,0.017203072,682,1,0.4,682,0 days 00:07:10.074125,True,True,5000,0.005
60,9,-0.4,0 days 00:00:02.215523,0.029857028,692,1,0.4,692,0 days 00:07:15.907226,True,True,5000,0.005
61,13,-1.1102230246251565e-16,0 days 00:00:04.549570,0.020576617,706,1,0.4,706,0 days 00:07:24.075102,True,True,5000,0.005
62,9,-0.4,0 days 00:00:03.765443,0.028049031,716,1,0.4,716,0 days 00:07:31.458286,True,True,5000,0.005
63,9,-0.4,0 days 00:00:04.282449,0.026537571,726,1,0.4,726,0 days 00:07:39.358746,True,True,5000,0.005
64,9,-0.4,0 days 00:00:03.250100,0.025500268,736,1,0.4,736,0 days 00:07:46.225867,True,True,5000,0.005
65,9,-0.4,0 days 00:00:02.215851,-0.0032234476,746,1,0.4,746,0 days 00:07:52.059180,True,True,5000,0.005
66,14,0.09999999999999987,0 days 00:00:03.066422,0.020087948,761,1,0.4,761,0 days 00:07:58.743018,True,True,5000,0.005
67,16,0.30000000000000004,0 days 00:00:03.715284,0.022456612,778,1,0.4,778,0 days 00:08:06.076328,True,True,5000,0.005
68,20,0.7000000000000004,0 days 00:00:04.499554,0.01540492,799,1,0.4,799,0 days 00:08:14.193913,True,True,5000,0.005
69,13,-1.1102230246251565e-16,0 days 00:00:04.032538,0.011776143,813,1,0.4,813,0 days 00:08:21.843579,True,True,5000,0.005
70,27,1.4000000000000008,0 days 00:00:09.100089,0.035831966,841,1,0.4,841,0 days 00:08:34.561859,True,True,5000,0.005
71,10,-0.30000000000000004,0 days 00:00:02.281626,0.024322908,852,1,0.4,852,0 days 00:08:40.461004,True,True,5000,0.005
72,7,-0.6,0 days 00:00:02.598823,0.0113203,860,1,0.4,860,0 days 00:08:46.677556,True,True,5000,0.005
73,7,-0.6,0 days 00:00:02.082245,0.023126695,868,1,0.4,868,0 days 00:08:52.377525,True,True,5000,0.005
74,17,0.40000000000000013,0 days 00:00:05.333257,0.022615232,886,1,0.4,886,0 days 00:09:01.328755,True,True,5000,0.005
75,9,-0.4,0 days 00:00:03.799850,0.026446942,896,1,0.4,896,0 days 00:09:08.745447,True,True,5000,0.005
76,16,0.30000000000000004,0 days 00:00:06.300447,0.030957734,913,1,0.4,913,0 days 00:09:18.663539,True,True,5000,0.005
77,8,-0.5,0 days 00:00:03.183259,0.039924785,922,1,0.4,922,0 days 00:09:25.463630,True,True,5000,0.005
78,7,-0.6,0 days 00:00:02.598540,0.011446556,930,1,0.4,930,0 days 00:09:31.679306,True,True,5000,0.005
79,10,-0.30000000000000004,0 days 00:00:03.833043,0.008744115,941,1,0.4,941,0 days 00:09:39.130305,True,True,5000,0.005
80,8,-0.5,0 days 00:00:02.293665,0.022119261,950,1,0.4,950,0 days 00:09:45.042303,True,True,5000,0.005
81,6,-0.7,0 days 00:00:03.049208,0.028035657,957,1,0.4,957,0 days 00:09:51.713938,True,True,5000,0.005
82,16,0.30000000000000004,0 days 00:00:04.749857,0.03936028,974,1,0.4,974,0 days 00:10:00.082112,True,True,5000,0.005
83,10,-0.30000000000000004,0 days 00:00:03.315862,0.007862557,985,1,0.4,985,0 days 00:10:07.014859,True,True,5000,0.005
84,7,-0.6,0 days 00:00:02.082429,0.0236847,993,1,0.4,993,0 days 00:10:12.714260,True,True,5000,0.005
85,20,0.7000000000000004,0 days 00:00:03.983555,0.010151345,1014,1,0.4,1014,0 days 00:10:20.316255,True,True,5000,0.005
86,16,0.30000000000000004,0 days 00:00:03.200063,0.033604275,1031,1,0.4,1031,0 days 00:10:27.132891,True,True,5000,0.005
87,10,-0.30000000000000004,0 days 00:00:03.315788,0.044197623,1042,1,0.4,1042,0 days 00:10:34.065497,True,True,5000,0.005
88,8,-0.5,0 days 00:00:03.700516,0.02134443,1051,1,0.4,1051,0 days 00:10:41.382750,True,True,5000,0.005
89,10,-0.30000000000000004,0 days 00:00:04.349336,0.018619996,1062,1,0.4,1062,0 days 00:10:49.349643,True,True,5000,0.005
90,7,-0.6,0 days 00:00:02.599389,0.019544922,1070,1,0.4,1070,0 days 00:10:55.566509,True,True,5000,0.005
91,24,1.1000000000000005,0 days 00:00:05.283965,0.024656437,1095,1,0.4,1095,0 days 00:11:04.467394,True,True,5000,0.005
92,7,-0.6,0 days 00:00:03.116414,0.03232243,1103,1,0.4,1103,0 days 00:11:11.200799,True,True,5000,0.005
93,15,0.19999999999999996,0 days 00:00:05.199798,0.016786309,1119,1,0.4,1119,0 days 00:11:20.017926,True,True,5000,0.005
94,26,1.3000000000000007,0 days 00:00:04.383519,0.025116146,1146,1,0.4,1146,0 days 00:11:28.018647,True,True,5000,0.005
95,7,-0.6,0 days 00:00:02.082411,0.008505478,1154,1,0.4,1154,0 days 00:11:33.717621,True,True,5000,0.005
96,10,-0.30000000000000004,0 days 00:00:04.349331,0.03613882,1165,1,0.4,1165,0 days 00:11:41.684757,True,True,5000,0.005
97,7,-0.6,0 days 00:00:02.081695,0.01673239,1173,1,0.4,1173,0 days 00:11:47.384401,True,True,5000,0.005
98,11,-0.20000000000000007,0 days 00:00:04.932153,0.024742292,1185,1,0.4,1185,0 days 00:11:55.935431,True,True,5000,0.005
99,13,-1.1102230246251565e-16,0 days 00:00:05.066437,0.032376993,1199,1,0.4,1199,0 days 00:12:04.619402,True,True,5000,0.005
100,24,1.1000000000000005,0 days 00:00:06.316346,0.03269129,1224,1,0.4,1224,0 days 00:12:14.553855,True,True,5000,0.005
101,12,-0.10000000000000009,0 days 00:00:04.999245,0.009974731,1237,1,0.4,1237,0 days 00:12:23.169441,True,True,5000,0.005
102,10,-0.30000000000000004,0 days 00:00:04.866096,0.031839807,1248,1,0.4,1248,0 days 00:12:31.653745,True,True,5000,0.005
103,7,-0.6,0 days 00:00:02.081242,0.03371052,1256,1,0.4,1256,0 days 00:12:37.353359,True,True,5000,0.005
104,9,-0.4,0 days 00:00:04.282205,0.028669681,1266,1,0.4,1266,0 days 00:12:45.254220,True,True,5000,0.005
105,10,-0.30000000000000004,0 days 00:00:03.833360,0.015404918,1277,1,0.4,1277,0 days 00:12:52.705511,True,True,5000,0.005
106,8,-0.5,0 days 00:00:03.183558,0.035785373,1286,1,0.4,1286,0 days 00:12:59.504558,True,True,5000,0.005
107,7,-0.6,0 days 00:00:02.082742,0.021512236,1294,1,0.4,1294,0 days 00:13:05.205153,True,True,5000,0.005
108,23,1.0000000000000004,0 days 00:00:05.732765,0.028752623,1318,1,0.4,1318,0 days 00:13:14.555843,True,True,5000,0.005
109,5,-0.7999999999999999,0 days 00:00:02.981956,0.002637311,1324,1,0.4,1324,0 days 00:13:21.155310,True,True,5000,0.005
110,11,-0.20000000000000007,0 days 00:00:03.900793,0.023708174,1336,1,0.4,1336,0 days 00:13:28.673413,True,True,5000,0.005
111,6,-0.7,0 days 00:00:03.048618,0.020770121,1343,1,0.4,1343,0 days 00:13:35.339351,True,True,5000,0.005
112,13,-1.1102230246251565e-16,0 days 00:00:04.548701,0.029293686,1357,1,0.4,1357,0 days 00:13:43.506911,True,True,5000,0.005
113,8,-0.5,0 days 00:00:03.182984,0.014610367,1366,1,0.4,1366,0 days 00:13:50.306132,True,True,5000,0.005
114,7,-0.6,0 days 00:00:02.081184,0.037237138,1374,1,0.4,1374,0 days 00:13:56.006315,True,True,5000,0.005
115,14,0.09999999999999987,0 days 00:00:04.098921,0.023399597,1389,1,0.4,1389,0 days 00:14:03.724610,True,True,5000,0.005
116,16,0.30000000000000004,0 days 00:00:07.332686,0.017422862,1406,1,0.4,1406,0 days 00:14:14.674243,True,True,5000,0.005
117,5,-0.7999999999999999,0 days 00:00:02.982508,0.010431129,1412,1,0.4,1412,0 days 00:14:21.274234,True,True,5000,0.005
118,7,-0.6,0 days 00:00:02.081739,0.0044098115,1420,1,0.4,1420,0 days 00:14:26.974055,True,True,5000,0.005
119,8,-0.5,0 days 00:00:03.182759,0.016171442,1429,1,0.4,1429,0 days 00:14:33.775297,True,True,5000,0.005
120,11,-0.20000000000000007,0 days 00:00:04.122463,0.028894616,1441,1,0.4,1441,0 days 00:14:41.515874,True,True,5000,0.005
121,8,-0.5,0 days 00:00:02.148378,0.02267671,1450,1,0.4,1450,0 days 00:14:47.292784,True,True,5000,0.005
122,7,-0.6,0 days 00:00:02.083458,0.0076454757,1458,1,0.4,1458,0 days 00:14:52.993252,True,True,5000,0.005
123,7,-0.6,0 days 00:00:02.082933,0.03024775,1466,1,0.4,1466,0 days 00:14:58.692305,True,True,5000,0.005
124,13,-1.1102230246251565e-16,0 days 00:00:06.098471,0.023734106,1480,1,0.4,1480,0 days 00:15:08.409736,True,True,5000,0.005
125,29,1.600000000000001,0 days 00:00:07.685284,0.02273806,1510,1,0.4,1510,0 days 00:15:19.712379,True,True,5000,0.005
126,24,1.1000000000000005,0 days 00:00:07.349377,0.014240221,1535,1,0.4,1535,0 days 00:15:30.677250,True,True,5000,0.005
127,11,-0.20000000000000007,0 days 00:00:04.416284,0.027944155,1547,1,0.4,1547,0 days 00:15:38.710710,True,True,5000,0.005
128,8,-0.5,0 days 00:00:03.183278,0.019359296,1556,1,0.4,1556,0 days 00:15:45.511402,True,True,5000,0.005
129,8,-0.5,0 days 00:00:03.182211,0.023656573,1565,1,0.4,1565,0 days 00:15:52.311528,True,True,5000,0.005
130,5,-0.7999999999999999,0 days 00:00:02.982916,0.0071479934,1571,1,0.4,1571,0 days 00:15:58.911500,True,True,5000,0.005
131,8,-0.5,0 days 00:00:03.181394,0.010506785,1580,1,0.4,1580,0 days 00:16:05.711718,True,True,5000,0.005
132,11,-0.20000000000000007,0 days 00:00:04.416360,0.024649806,1592,1,0.4,1592,0 days 00:16:13.745867,True,True,5000,0.005
133,7,-0.6,0 days 00:00:02.082849,0.025966512,1600,1,0.4,1600,0 days 00:16:19.446092,True,True,5000,0.005
134,11,-0.20000000000000007,0 days 00:00:04.932903,0.022169506,1612,1,0.4,1612,0 days 00:16:27.996208,True,True,5000,0.005
135,8,-0.5,0 days 00:00:02.148709,0.019446813,1621,1,0.4,1621,0 days 00:16:33.762715,True,True,5000,0.005
136,12,-0.10000000000000009,0 days 00:00:02.933562,0.022445815,1634,1,0.4,1634,0 days 00:16:40.313455,True,True,5000,0.005
137,13,-1.1102230246251565e-16,0 days 00:00:04.032964,0.027267763,1648,1,0.4,1648,0 days 00:16:47.963547,True,True,5000,0.005
138,8,-0.5,0 days 00:00:02.665396,0.02658193,1657,1,0.4,1657,0 days 00:16:54.246759,True,True,5000,0.005
139,8,-0.5,0 days 00:00:02.149198,0.028849708,1666,1,0.4,1666,0 days 00:17:00.013759,True,True,5000,0.005
140,7,-0.6,0 days 00:00:02.082387,0.012339728,1674,1,0.4,1674,0 days 00:17:05.714863,True,True,5000,0.005
141,8,-0.5,0 days 00:00:02.148810,0.022265334,1683,1,0.4,1683,0 days 00:17:11.481422,True,True,5000,0.005
142,5,-0.7999999999999999,0 days 00:00:02.982617,0.032174993,1689,1,0.4,1689,0 days 00:17:18.081212,True,True,5000,0.005
143,9,-0.4,0 days 00:00:02.215047,0.02903687,1699,1,0.4,1699,0 days 00:17:23.915080,True,True,5000,0.005
144,8,-0.5,0 days 00:00:02.149495,0.0077027828,1708,1,0.4,1708,0 days 00:17:29.682204,True,True,5000,0.005
145,10,-0.30000000000000004,0 days 00:00:03.833346,0.022986323,1719,1,0.4,1719,0 days 00:17:37.132442,True,True,5000,0.005
146,7,-0.6,0 days 00:00:02.082899,0.03885445,1727,1,0.4,1727,0 days 00:17:42.832833,True,True,5000,0.005
147,7,-0.6,0 days 00:00:02.081440,0.019810561,1735,1,0.4,1735,0 days 00:17:48.531992,True,True,5000,0.005
148,15,0.19999999999999996,0 days 00:00:02.098938,0.034297757,1751,1,0.4,1751,0 days 00:17:54.249615,True,True,5000,0.005
149,11,-0.20000000000000007,0 days 00:00:02.866343,0.029100185,1763,1,0.4,1763,0 days 00:18:00.733784,True,True,5000,0.005
150,7,-0.6,0 days 00:00:02.081990,0.012487143,1771,1,0.4,1771,0 days 00:18:06.433446,True,True,5000,0.005
151,11,-0.20000000000000007,0 days 00:00:03.382506,0.008010398,1783,1,0.4,1783,0 days 00:18:13.434144,True,True,5000,0.005
152,42,2.9000000000000017,0 days 00:00:12.168679,0.02224778,1826,1,0.4,1826,0 days 00:18:29.220070,True,True,5000,0.005
153,13,-1.1102230246251565e-16,0 days 00:00:04.033384,0.030581456,1840,1,0.4,1840,0 days 00:18:36.885031,True,True,5000,0.005
154,23,1.0000000000000004,0 days 00:00:08.833045,0.018730653,1864,1,0.4,1864,0 days 00:18:49.335971,True,True,5000,0.005
155,26,1.3000000000000007,0 days 00:00:06.450884,0.018362263,1891,1,0.4,1891,0 days 00:18:59.403092,True,True,5000,0.005
156,7,-0.6,0 days 00:00:02.083227,0.036554333,1899,1,0.4,1899,0 days 00:19:05.102851,True,True,5000,0.005
157,15,0.19999999999999996,0 days 00:00:02.615534,0.033464886,1915,1,0.4,1915,0 days 00:19:11.336432,True,True,5000,0.005
158,8,-0.5,0 days 00:00:03.698868,0.026696553,1924,1,0.4,1924,0 days 00:19:18.653228,True,True,5000,0.005
159,19,0.6000000000000003,0 days 00:00:07.017345,0.018346412,1944,1,0.4,1944,0 days 00:19:29.287414,True,True,5000,0.005
160,15,0.19999999999999996,0 days 00:00:03.957798,0.017472895,1960,1,0.4,1960,0 days 00:19:36.862252,True,True,5000,0.005
161,7,-0.6,0 days 00:00:02.082288,0.032206003,1968,1,0.4,1968,0 days 00:19:42.570980,True,True,5000,0.005
162,7,-0.6,0 days 00:00:03.115913,0.051986303,1976,1,0.4,1976,0 days 00:19:49.303894,True,True,5000,0.005
163,15,0.19999999999999996,0 days 00:00:02.616899,0.029691616,1992,1,0.4,1992,0 days 00:19:55.537999,True,True,5000,0.005
164,23,1.0000000000000004,0 days 00:00:07.800556,0.028333316,2016,1,0.4,2016,0 days 00:20:06.955992,True,True,5000,0.005
165,6,-0.7,0 days 00:00:03.565754,0.029622065,2023,1,0.4,2023,0 days 00:20:14.138848,True,True,5000,0.005
166,9,-0.4,0 days 00:00:02.215807,0.035809923,2033,1,0.4,2033,0 days 00:20:19.972302,True,True,5000,0.005
167,23,1.0000000000000004,0 days 00:00:06.250625,0.01678182,2057,1,0.4,2057,0 days 00:20:29.839959,True,True,5000,0.005
168,15,0.19999999999999996,0 days 00:00:04.165473,0.015177268,2073,1,0.4,2073,0 days 00:20:37.623366,True,True,5000,0.005
169,8,-0.5,0 days 00:00:02.149962,0.03181046,2082,1,0.4,2082,0 days 00:20:43.389991,True,True,5000,0.005
170,7,-0.6,0 days 00:00:02.082544,0.01494909,2090,1,0.4,2090,0 days 00:20:49.090042,True,True,5000,0.005
171,7,-0.6,0 days 00:00:02.599400,0.028029256,2098,1,0.4,2098,0 days 00:20:55.306478,True,True,5000,0.005
172,4,-0.9,0 days 00:00:02.915018,-0.00027084426,2103,1,0.4,2103,0 days 00:21:01.839865,True,True,5000,0.005
173,7,-0.6,0 days 00:00:02.082857,0.017357064,2111,1,0.4,2111,0 days 00:21:07.540923,True,True,5000,0.005
174,7,-0.6,0 days 00:00:02.082580,0.026169838,2119,1,0.4,2119,0 days 00:21:13.241220,True,True,5000,0.005
175,7,-0.6,0 days 00:00:02.599103,0.04353026,2127,1,0.4,2127,0 days 00:21:19.457437,True,True,5000,0.005
176,11,-0.20000000000000007,0 days 00:00:03.898879,0.020256815,2139,1,0.4,2139,0 days 00:21:26.974940,True,True,5000,0.005
177,7,-0.6,0 days 00:00:02.599155,0.01588856,2147,1,0.4,2147,0 days 00:21:33.191518,True,True,5000,0.005
178,15,0.19999999999999996,0 days 00:00:03.132626,0.030064274,2163,1,0.4,2163,0 days 00:21:39.942291,True,True,5000,0.005
179,9,-0.4,0 days 00:00:02.215229,0.027230084,2173,1,0.4,2173,0 days 00:21:45.775211,True,True,5000,0.005
180,9,-0.4,0 days 00:00:02.216444,0.021440793,2183,1,0.4,2183,0 days 00:21:51.609392,True,True,5000,0.005
181,9,-0.4,0 days 00:00:02.216395,0.024659444,2193,1,0.4,2193,0 days 00:21:57.442748,True,True,5000,0.005
182,15,0.19999999999999996,0 days 00:00:05.716356,0.020687854,2209,1,0.4,2209,0 days 00:22:06.776312,True,True,5000,0.005
183,7,-0.6,0 days 00:00:02.081072,0.043622293,2217,1,0.4,2217,0 days 00:22:12.476995,True,True,5000,0.005
184,9,-0.4,0 days 00:00:03.765187,0.014841206,2227,1,0.4,2227,0 days 00:22:19.860549,True,True,5000,0.005
185,20,0.7000000000000004,0 days 00:00:08.116977,0.028190743,2248,1,0.4,2248,0 days 00:22:31.595430,True,True,5000,0.005
186,7,-0.6,0 days 00:00:02.598803,0.027795194,2256,1,0.4,2256,0 days 00:22:37.811087,True,True,5000,0.005
187,12,-0.10000000000000009,0 days 00:00:04.998853,0.041739963,2269,1,0.4,2269,0 days 00:22:46.428017,True,True,5000,0.005
188,19,0.6000000000000003,0 days 00:00:05.467760,0.012302474,2289,1,0.4,2289,0 days 00:22:55.512932,True,True,5000,0.005
189,7,-0.6,0 days 00:00:02.081356,0.02295157,2297,1,0.4,2297,0 days 00:23:01.211546,True,True,5000,0.005
190,8,-0.5,0 days 00:00:02.148834,0.014069159,2306,1,0.4,2306,0 days 00:23:06.978464,True,True,5000,0.005
191,10,-0.30000000000000004,0 days 00:00:04.349268,0.013957844,2317,1,0.4,2317,0 days 00:23:14.946025,True,True,5000,0.005
192,11,-0.20000000000000007,0 days 00:00:03.383111,0.03945343,2329,1,0.4,2329,0 days 00:23:21.945515,True,True,5000,0.005
193,7,-0.6,0 days 00:00:03.115397,0.047580473,2337,1,0.4,2337,0 days 00:23:28.679545,True,True,5000,0.005
194,6,-0.7,0 days 00:00:03.049239,0.021079805,2344,1,0.4,2344,0 days 00:23:35.346934,True,True,5000,0.005
195,7,-0.6,0 days 00:00:02.081837,0.027729528,2352,1,0.4,2352,0 days 00:23:41.046703,True,True,5000,0.005
196,7,-0.6,0 days 00:00:03.115660,-0.006940713,2360,1,0.4,2360,0 days 00:23:47.780350,True,True,5000,0.005
197,8,-0.5,0 days 00:00:02.148353,0.024494478,2369,1,0.4,2369,0 days 00:23:53.546581,True,True,5000,0.005
198,7,-0.6,0 days 00:00:02.083403,0.011450987,2377,1,0.4,2377,0 days 00:23:59.247681,True,True,5000,0.005
199,8,-0.5,0 days 00:00:02.148549,0.016804539,2386,1,0.4,2386,0 days 00:24:05.014545,True,True,5000,0.005
200,18,0.5000000000000002,0 days 00:00:04.747521,0.037002098,2405,1,0.4,2405,0 days 00:24:13.379806,True,True,5000,0.005
201,39,2.600000000000002,0 days 00:00:11.967289,0.017897515,2445,1,0.4,2445,0 days 00:24:28.966790,True,True,5000,0.005
202,8,-0.5,0 days 00:00:02.148456,0.01829677,2454,1,0.4,2454,0 days 00:24:34.731690,True,True,5000,0.005
203,19,0.6000000000000003,0 days 00:00:07.533922,0.032890774,2474,1,0.4,2474,0 days 00:24:45.883869,True,True,5000,0.005
204,7,-0.6,0 days 00:00:02.082295,0.015668256,2482,1,0.4,2482,0 days 00:24:51.583522,True,True,5000,0.005
205,7,-0.6,0 days 00:00:02.083478,0.026746873,2490,1,0.4,2490,0 days 00:24:57.283797,True,True,5000,0.005
206,16,0.30000000000000004,0 days 00:00:03.715231,0.015104322,2507,1,0.4,2507,0 days 00:25:04.616683,True,True,5000,0.005
207,9,-0.4,0 days 00:00:02.215824,0.011099796,2517,1,0.4,2517,0 days 00:25:10.450213,True,True,5000,0.005
208,20,0.7000000000000004,0 days 00:00:04.499897,0.021162035,2538,1,0.4,2538,0 days 00:25:18.568433,True,True,5000,0.005
209,7,-0.6,0 days 00:00:03.632968,0.0046510203,2546,1,0.4,2546,0 days 00:25:25.817636,True,True,5000,0.005
210,7,-0.6,0 days 00:00:02.082843,0.03128077,2554,1,0.4,2554,0 days 00:25:31.518096,True,True,5000,0.005
211,15,0.19999999999999996,0 days 00:00:02.098773,0.02533945,2570,1,0.4,2570,0 days 00:25:37.234657,True,True,5000,0.005
212,8,-0.5,0 days 00:00:03.181650,0.014585543,2579,1,0.4,2579,0 days 00:25:44.034324,True,True,5000,0.005
213,7,-0.6,0 days 00:00:02.082558,0.0319952,2587,1,0.4,2587,0 days 00:25:49.735311,True,True,5000,0.005
214,9,-0.4,0 days 00:00:03.765115,0.038701072,2597,1,0.4,2597,0 days 00:25:57.118200,True,True,5000,0.005
215,24,1.1000000000000005,0 days 00:00:08.900351,0.017448096,2622,1,0.4,2622,0 days 00:26:09.636913,True,True,5000,0.005
216,9,-0.4,0 days 00:00:02.216025,0.020444855,2632,1,0.4,2632,0 days 00:26:15.469786,True,True,5000,0.005
217,9,-0.4,0 days 00:00:02.216560,0.018445425,2642,1,0.4,2642,0 days 00:26:21.303115,True,True,5000,0.005
218,8,-0.5,0 days 00:00:02.148786,0.01615488,2651,1,0.4,2651,0 days 00:26:27.069949,True,True,5000,0.005
219,8,-0.5,0 days 00:00:02.148425,0.028094284,2660,1,0.4,2660,0 days 00:26:32.836717,True,True,5000,0.005
220,14,0.09999999999999987,0 days 00:00:03.582180,0.016682375,2675,1,0.4,2675,0 days 00:26:40.037297,True,True,5000,0.005
221,14,0.09999999999999987,0 days 00:00:04.615436,0.021775084,2690,1,0.4,2690,0 days 00:26:48.271413,True,True,5000,0.005
222,16,0.30000000000000004,0 days 00:00:05.265878,0.031840276,2707,1,0.4,2707,0 days 00:26:57.154655,True,True,5000,0.005
223,7,-0.6,0 days 00:00:02.081467,0.023236511,2715,1,0.4,2715,0 days 00:27:02.855012,True,True,5000,0.005
224,8,-0.5,0 days 00:00:03.181876,0.024792101,2724,1,0.4,2724,0 days 00:27:09.654581,True,True,5000,0.005
225,15,0.19999999999999996,0 days 00:00:05.200470,0.034470275,2740,1,0.4,2740,0 days 00:27:18.473002,True,True,5000,0.005
226,7,-0.6,0 days 00:00:02.084214,0.007505415,2748,1,0.4,2748,0 days 00:27:24.173223,True,True,5000,0.005
227,7,-0.6,0 days 00:00:02.082663,0.02250706,2756,1,0.4,2756,0 days 00:27:29.872575,True,True,5000,0.005
228,12,-0.10000000000000009,0 days 00:00:03.966553,0.031145245,2769,1,0.4,2769,0 days 00:27:37.456660,True,True,5000,0.005
229,7,-0.6,0 days 00:00:02.599452,0.0356149,2777,1,0.4,2777,0 days 00:27:43.672513,True,True,5000,0.005
230,16,0.30000000000000004,0 days 00:00:03.200155,0.03543189,2794,1,0.4,2794,0 days 00:27:50.490865,True,True,5000,0.005
231,9,-0.4,0 days 00:00:03.766942,-0.0075034588,2804,1,0.4,2804,0 days 00:27:57.873963,True,True,5000,0.005
232,7,-0.6,0 days 00:00:02.084442,0.005123661,2812,1,0.4,2812,0 days 00:28:03.574732,True,True,5000,0.005
233,26,1.3000000000000007,0 days 00:00:08.001156,0.012017568,2839,1,0.4,2839,0 days 00:28:15.192172,True,True,5000,0.005
234,12,-0.10000000000000009,0 days 00:00:04.482400,0.031105973,2852,1,0.4,2852,0 days 00:28:23.291416,True,True,5000,0.005
235,7,-0.6,0 days 00:00:02.598512,0.03909088,2860,1,0.4,2860,0 days 00:28:29.507992,True,True,5000,0.005
236,7,-0.6,0 days 00:00:02.082652,0.044043254,2868,1,0.4,2868,0 days 00:28:35.208431,True,True,5000,0.005
237,25,1.2000000000000006,0 days 00:00:06.900596,0.012891392,2894,1,0.4,2894,0 days 00:28:45.726782,True,True,5000,0.005
238,13,-1.1102230246251565e-16,0 days 00:00:05.065657,0.028256552,2908,1,0.4,2908,0 days 00:28:54.409156,True,True,5000,0.005
239,6,-0.7,0 days 00:00:03.049419,0.050799422,2915,1,0.4,2915,0 days 00:29:01.076339,True,True,5000,0.005
240,11,-0.20000000000000007,0 days 00:00:04.369344,0.019511126,2927,1,0.4,2927,0 days 00:29:09.063501,True,True,5000,0.005
241,8,-0.5,0 days 00:00:02.148702,0.012317693,2936,1,0.4,2936,0 days 00:29:14.826595,True,True,5000,0.005
242,15,0.19999999999999996,0 days 00:00:03.132487,0.027297774,2952,1,0.4,2952,0 days 00:29:21.576900,True,True,5000,0.005
243,9,-0.4,0 days 00:00:02.216007,0.028233528,2962,1,0.4,2962,0 days 00:29:27.410658,True,True,5000,0.005
244,11,-0.20000000000000007,0 days 00:00:02.865505,0.022415467,2974,1,0.4,2974,0 days 00:29:33.894200,True,True,5000,0.005
245,14,0.09999999999999987,0 days 00:00:03.065351,0.011049732,2989,1,0.4,2989,0 days 00:29:40.577233,True,True,5000,0.005
246,8,-0.5,0 days 00:00:02.148886,0.030396722,2998,1,0.4,2998,0 days 00:29:46.344067,True,True,5000,0.005
247,23,1.0000000000000004,0 days 00:00:06.766773,0.02438279,3022,1,0.4,3022,0 days 00:29:56.729458,True,True,5000,0.005
248,12,-0.10000000000000009,0 days 00:00:03.965755,0.02362125,3035,1,0.4,3035,0 days 00:30:04.311895,True,True,5000,0.005
249,7,-0.6,0 days 00:00:02.083150,0.02598431,3043,1,0.4,3043,0 days 00:30:10.012985,True,True,5000,0.005
250,7,-0.6,0 days 00:00:02.082781,0.046612583,3051,1,0.4,3051,0 days 00:30:15.712641,True,True,5000,0.005
251,15,0.19999999999999996,0 days 00:00:05.715191,0.006260217,3067,1,0.4,3067,0 days 00:30:25.046367,True,True,5000,0.005
252,7,-0.6,0 days 00:00:02.082996,0.023731688,3075,1,0.4,3075,0 days 00:30:30.747492,True,True,5000,0.005
253,7,-0.6,0 days 00:00:03.115418,0.027988743,3083,1,0.4,3083,0 days 00:30:37.479463,True,True,5000,0.005
254,9,-0.4,0 days 00:00:03.766881,0.013088469,3093,1,0.4,3093,0 days 00:30:44.863500,True,True,5000,0.005
255,8,-0.5,0 days 00:00:02.149019,0.022325233,3102,1,0.4,3102,0 days 00:30:50.630393,True,True,5000,0.005
256,8,-0.5,0 days 00:00:02.150889,0.021331353,3111,1,0.4,3111,0 days 00:30:56.398311,True,True,5000,0.005
257,7,-0.6,0 days 00:00:02.082317,0.014336323,3119,1,0.4,3119,0 days 00:31:02.097497,True,True,5000,0.005
258,6,-0.7,0 days 00:00:03.049157,-0.0019391215,3126,1,0.4,3126,0 days 00:31:08.764678,True,True,5000,0.005
259,9,-0.4,0 days 00:00:02.214967,0.019453984,3136,1,0.4,3136,0 days 00:31:14.597592,True,True,5000,0.005
260,7,-0.6,0 days 00:00:03.115868,0.029604197,3144,1,0.4,3144,0 days 00:31:21.331599,True,True,5000,0.005
261,7,-0.6,0 days 00:00:02.081782,0.04846117,3152,1,0.4,3152,0 days 00:31:27.031717,True,True,5000,0.005
262,8,-0.5,0 days 00:00:02.148244,0.033079464,3161,1,0.4,3161,0 days 00:31:32.798774,True,True,5000,0.005
263,7,-0.6,0 days 00:00:02.082750,0.021368433,3169,1,0.4,3169,0 days 00:31:38.498525,True,True,5000,0.005
264,10,-0.30000000000000004,0 days 00:00:03.831765,0.020136809,3180,1,0.4,3180,0 days 00:31:45.948725,True,True,5000,0.005
265,8,-0.5,0 days 00:00:02.147307,0.038500857,3189,1,0.4,3189,0 days 00:31:51.715553,True,True,5000,0.005
266,7,-0.6,0 days 00:00:03.114899,0.033156186,3197,1,0.4,3197,0 days 00:31:58.449689,True,True,5000,0.005
267,10,-0.30000000000000004,0 days 00:00:02.799725,0.024145747,3208,1,0.4,3208,0 days 00:32:04.866934,True,True,5000,0.005
268,7,-0.6,0 days 00:00:02.084210,0.017319074,3216,1,0.4,3216,0 days 00:32:10.567901,True,True,5000,0.005
269,7,-0.6,0 days 00:00:02.082887,0.0119764935,3224,1,0.4,3224,0 days 00:32:16.267359,True,True,5000,0.005
270,8,-0.5,0 days 00:00:03.181614,0.03568224,3233,1,0.4,3233,0 days 00:32:23.067235,True,True,5000,0.005
271,11,-0.20000000000000007,0 days 00:00:03.899497,0.026075378,3245,1,0.4,3245,0 days 00:32:30.584757,True,True,5000,0.005
272,8,-0.5,0 days 00:00:02.148363,0.038651004,3254,1,0.4,3254,0 days 00:32:36.350641,True,True,5000,0.005
273,7,-0.6,0 days 00:00:02.082123,0.010813505,3262,1,0.4,3262,0 days 00:32:42.051463,True,True,5000,0.005
274,9,-0.4,0 days 00:00:04.282787,0.0037201166,3272,1,0.4,3272,0 days 00:32:49.951886,True,True,5000,0.005
275,11,-0.20000000000000007,0 days 00:00:03.899828,0.021040713,3284,1,0.4,3284,0 days 00:32:57.469119,True,True,5000,0.005
276,6,-0.7,0 days 00:00:03.565020,0.023158383,3291,1,0.4,3291,0 days 00:33:04.652071,True,True,5000,0.005
277,11,-0.20000000000000007,0 days 00:00:04.416074,0.03846377,3303,1,0.4,3303,0 days 00:33:12.685622,True,True,5000,0.005
278,14,0.09999999999999987,0 days 00:00:06.166973,0.02056846,3318,1,0.4,3318,0 days 00:33:22.470025,True,True,5000,0.005
279,7,-0.6,0 days 00:00:02.081740,0.01966727,3326,1,0.4,3326,0 days 00:33:28.169560,True,True,5000,0.005
280,7,-0.6,0 days 00:00:03.134679,0.022008838,3334,1,0.4,3334,0 days 00:33:34.922041,True,True,5000,0.005
281,14,0.09999999999999987,0 days 00:00:04.615963,0.025774695,3349,1,0.4,3349,0 days 00:33:43.154328,True,True,5000,0.005
282,6,-0.7,0 days 00:00:03.050728,0.022063693,3356,1,0.4,3356,0 days 00:33:49.821577,True,True,5000,0.005
283,11,-0.20000000000000007,0 days 00:00:04.933130,0.034727942,3368,1,0.4,3368,0 days 00:33:58.371149,True,True,5000,0.005
284,6,-0.7,0 days 00:00:03.048896,0.03199956,3375,1,0.4,3375,0 days 00:34:05.038070,True,True,5000,0.005
285,7,-0.6,0 days 00:00:03.117150,0.020164903,3383,1,0.4,3383,0 days 00:34:11.772715,True,True,5000,0.005
286,7,-0.6,0 days 00:00:03.115981,0.038973346,3391,1,0.4,3391,0 days 00:34:18.504636,True,True,5000,0.005
287,11,-0.20000000000000007,0 days 00:00:02.865354,0.01732167,3403,1,0.4,3403,0 days 00:34:24.989106,True,True,5000,0.005
288,12,-0.10000000000000009,0 days 00:00:04.998535,0.014493219,3416,1,0.4,3416,0 days 00:34:33.605594,True,True,5000,0.005
289,19,0.6000000000000003,0 days 00:00:04.434205,0.02986973,3436,1,0.4,3436,0 days 00:34:41.656937,True,True,5000,0.005
290,14,0.09999999999999987,0 days 00:00:04.617310,0.0124603985,3451,1,0.4,3451,0 days 00:34:49.890242,True,True,5000,0.005
291,7,-0.6,0 days 00:00:02.082701,0.032329753,3459,1,0.4,3459,0 days 00:34:55.590606,True,True,5000,0.005
292,12,-0.10000000000000009,0 days 00:00:03.450424,0.024001557,3472,1,0.4,3472,0 days 00:35:02.657958,True,True,5000,0.005
293,7,-0.6,0 days 00:00:02.598941,0.002358023,3480,1,0.4,3480,0 days 00:35:08.874093,True,True,5000,0.005
294,11,-0.20000000000000007,0 days 00:00:03.900231,0.037318088,3492,1,0.4,3492,0 days 00:35:16.391826,True,True,5000,0.005
295,7,-0.6,0 days 00:00:02.598796,0.03246493,3500,1,0.4,3500,0 days 00:35:22.608038,True,True,5000,0.005
296,7,-0.6,0 days 00:00:03.632748,0.026164588,3508,1,0.4,3508,0 days 00:35:29.858011,True,True,5000,0.005
297,16,0.30000000000000004,0 days 00:00:03.717044,0.022394342,3525,1,0.4,3525,0 days 00:35:37.192355,True,True,5000,0.005
298,17,0.40000000000000013,0 days 00:00:05.332678,0.011295239,3543,1,0.4,3543,0 days 00:35:46.142740,True,True,5000,0.005
299,7,-0.6,0 days 00:00:02.081755,0.014420941,3551,1,0.4,3551,0 days 00:35:51.841668,True,True,5000,0.005
300,9,-0.4,0 days 00:00:03.765622,0.015998214,3561,1,0.4,3561,0 days 00:35:59.225939,True,True,5000,0.005
301,6,-0.7,0 days 00:00:03.048374,0.031281244,3568,1,0.4,3568,0 days 00:36:05.892413,True,True,5000,0.005
302,10,-0.30000000000000004,0 days 00:00:04.349468,0.01106717,3579,1,0.4,3579,0 days 00:36:13.860072,True,True,5000,0.005
303,7,-0.6,0 days 00:00:02.599055,0.02972759,3587,1,0.4,3587,0 days 00:36:20.077170,True,True,5000,0.005
304,7,-0.6,0 days 00:00:02.082937,0.036952473,3595,1,0.4,3595,0 days 00:36:25.777362,True,True,5000,0.005
305,13,-1.1102230246251565e-16,0 days 00:00:02.999458,0.02613664,3609,1,0.4,3609,0 days 00:36:32.394512,True,True,5000,0.005
306,13,-1.1102230246251565e-16,0 days 00:00:03.517025,0.035619177,3623,1,0.4,3623,0 days 00:36:39.528087,True,True,5000,0.005
307,11,-0.20000000000000007,0 days 00:00:03.382593,0.0157277,3635,1,0.4,3635,0 days 00:36:46.527964,True,True,5000,0.005
308,7,-0.6,0 days 00:00:03.114755,0.00046939892,3643,1,0.4,3643,0 days 00:36:53.261010,True,True,5000,0.005
309,7,-0.6,0 days 00:00:02.082861,0.025353644,3651,1,0.4,3651,0 days 00:36:58.962242,True,True,5000,0.005
310,7,-0.6,0 days 00:00:02.081974,0.0060510915,3659,1,0.4,3659,0 days 00:37:04.661770,True,True,5000,0.005
311,7,-0.6,0 days 00:00:02.599153,0.024498247,3667,1,0.4,3667,0 days 00:37:10.878678,True,True,5000,0.005
312,8,-0.5,0 days 00:00:03.699163,0.022236638,3676,1,0.4,3676,0 days 00:37:18.196110,True,True,5000,0.005
313,5,-0.7999999999999999,0 days 00:00:02.982179,0.028042162,3682,1,0.4,3682,0 days 00:37:24.795978,True,True,5000,0.005
314,11,-0.20000000000000007,0 days 00:00:02.865687,0.017162355,3694,1,0.4,3694,0 days 00:37:31.279716,True,True,5000,0.005
315,7,-0.6,0 days 00:00:02.082159,0.021134738,3702,1,0.4,3702,0 days 00:37:36.979475,True,True,5000,0.005
316,7,-0.6,0 days 00:00:02.082247,0.032592054,3710,1,0.4,3710,0 days 00:37:42.679830,True,True,5000,0.005
317,7,-0.6,0 days 00:00:03.115487,0.01802716,3718,1,0.4,3718,0 days 00:37:49.413522,True,True,5000,0.005
318,7,-0.6,0 days 00:00:02.082630,0.0028208601,3726,1,0.4,3726,0 days 00:37:55.114078,True,True,5000,0.005
319,7,-0.6,0 days 00:00:02.598234,0.02387535,3734,1,0.4,3734,0 days 00:38:01.330322,True,True,5000,0.005
320,5,-0.7999999999999999,0 days 00:00:03.591491,0.03259268,3740,1,0.4,3740,0 days 00:38:08.539528,True,True,5000,0.005
321,8,-0.5,0 days 00:00:03.182008,0.059893012,3749,1,0.4,3749,0 days 00:38:15.348223,True,True,5000,0.005
322,8,-0.5,0 days 00:00:02.148163,0.02925261,3758,1,0.4,3758,0 days 00:38:21.114714,True,True,5000,0.005
323,7,-0.6,0 days 00:00:02.081568,0.03095568,3766,1,0.4,3766,0 days 00:38:26.814891,True,True,5000,0.005
324,6,-0.7,0 days 00:00:03.566154,0.016703326,3773,1,0.4,3773,0 days 00:38:33.998692,True,True,5000,0.005
325,7,-0.6,0 days 00:00:02.081555,0.0040718196,3781,1,0.4,3781,0 days 00:38:39.698260,True,True,5000,0.005
326,17,0.40000000000000013,0 days 00:00:05.332422,0.032232355,3799,1,0.4,3799,0 days 00:38:48.650055,True,True,5000,0.005
327,8,-0.5,0 days 00:00:03.182776,0.009420325,3808,1,0.4,3808,0 days 00:38:55.449587,True,True,5000,0.005
328,7,-0.6,0 days 00:00:03.631943,0.014663171,3816,1,0.4,3816,0 days 00:39:02.700163,True,True,5000,0.005
329,12,-0.10000000000000009,0 days 00:00:03.965388,0.0035205667,3829,1,0.4,3829,0 days 00:39:10.283913,True,True,5000,0.005
330,5,-0.7999999999999999,0 days 00:00:02.982822,0.04325976,3835,1,0.4,3835,0 days 00:39:16.883970,True,True,5000,0.005
331,7,-0.6,0 days 00:00:03.116001,0.03375884,3843,1,0.4,3843,0 days 00:39:23.618588,True,True,5000,0.005
332,43,3.0000000000000018,0 days 00:00:11.201462,0.025351088,3887,1,0.4,3887,0 days 00:39:38.436412,True,True,5000,0.005
333,8,-0.5,0 days 00:00:02.148841,0.014477162,3896,1,0.4,3896,0 days 00:39:44.201602,True,True,5000,0.005
334,8,-0.5,0 days 00:00:03.699075,0.016572284,3905,1,0.4,3905,0 days 00:39:51.518412,True,True,5000,0.005
335,7,-0.6,0 days 00:00:02.082608,0.016743513,3913,1,0.4,3913,0 days 00:39:57.218700,True,True,5000,0.005
336,7,-0.6,0 days 00:00:02.083161,0.02393566,3921,1,0.4,3921,0 days 00:40:02.919052,True,True,5000,0.005
337,33,2.0000000000000013,0 days 00:00:10.017017,0.006845526,3955,1,0.4,3955,0 days 00:40:16.553814,True,True,5000,0.005
338,12,-0.10000000000000009,0 days 00:00:03.449885,0.036547605,3968,1,0.4,3968,0 days 00:40:23.619956,True,True,5000,0.005
339,7,-0.6,0 days 00:00:02.081684,0.018488366,3976,1,0.4,3976,0 days 00:40:29.319799,True,True,5000,0.005
340,8,-0.5,0 days 00:00:02.149634,0.011971732,3985,1,0.4,3985,0 days 00:40:35.087236,True,True,5000,0.005
341,7,-0.6,0 days 00:00:03.115126,0.040007815,3993,1,0.4,3993,0 days 00:40:41.820585,True,True,5000,0.005
342,17,0.40000000000000013,0 days 00:00:07.399329,0.030462261,4011,1,0.4,4011,0 days 00:40:52.838005,True,True,5000,0.005
343,8,-0.5,0 days 00:00:02.149255,0.021155851,4020,1,0.4,4020,0 days 00:40:58.604746,True,True,5000,0.005
344,13,-1.1102230246251565e-16,0 days 00:00:03.516460,0.016404478,4034,1,0.4,4034,0 days 00:41:05.738743,True,True,5000,0.005
345,6,-0.7,0 days 00:00:03.049133,0.023942372,4041,1,0.4,4041,0 days 00:41:12.404513,True,True,5000,0.005
346,19,0.6000000000000003,0 days 00:00:07.533733,0.036222585,4061,1,0.4,4061,0 days 00:41:23.556023,True,True,5000,0.005
347,19,0.6000000000000003,0 days 00:00:05.983562,0.016352426,4081,1,0.4,4081,0 days 00:41:33.156107,True,True,5000,0.005
348,9,-0.4,0 days 00:00:02.216737,0.024380594,4091,1,0.4,4091,0 days 00:41:38.989523,True,True,5000,0.005
349,10,-0.30000000000000004,0 days 00:00:03.832769,0.03270465,4102,1,0.4,4102,0 days 00:41:46.440031,True,True,5000,0.005
350,7,-0.6,0 days 00:00:03.633189,0.04811061,4110,1,0.4,4110,0 days 00:41:53.689974,True,True,5000,0.005
351,10,-0.30000000000000004,0 days 00:00:03.831628,0.012281642,4121,1,0.4,4121,0 days 00:42:01.140336,True,True,5000,0.005
352,10,-0.30000000000000004,0 days 00:00:04.349725,0.017672123,4132,1,0.4,4132,0 days 00:42:09.107117,True,True,5000,0.005
353,11,-0.20000000000000007,0 days 00:00:02.866145,0.025252521,4144,1,0.4,4144,0 days 00:42:15.591383,True,True,5000,0.005
354,7,-0.6,0 days 00:00:02.082174,0.017083384,4152,1,0.4,4152,0 days 00:42:21.291052,True,True,5000,0.005
355,24,1.1000000000000005,0 days 00:00:08.383746,0.018411482,4177,1,0.4,4177,0 days 00:42:33.292854,True,True,5000,0.005
356,7,-0.6,0 days 00:00:02.082154,0.048428763,4185,1,0.4,4185,0 days 00:42:38.992289,True,True,5000,0.005
357,7,-0.6,0 days 00:00:02.083474,0.003565941,4193,1,0.4,4193,0 days 00:42:44.692364,True,True,5000,0.005
358,7,-0.6,0 days 00:00:03.115860,0.013152329,4201,1,0.4,4201,0 days 00:42:51.425610,True,True,5000,0.005
359,7,-0.6,0 days 00:00:02.082104,0.04564175,4209,1,0.4,4209,0 days 00:42:57.125468,True,True,5000,0.005
360,21,0.8000000000000005,0 days 00:00:07.854214,0.02538727,4231,1,0.4,4231,0 days 00:43:08.598073,True,True,5000,0.005
361,7,-0.6,0 days 00:00:03.115415,0.033975292,4239,1,0.4,4239,0 days 00:43:15.343013,True,True,5000,0.005
362,15,0.19999999999999996,0 days 00:00:05.199038,0.02370662,4255,1,0.4,4255,0 days 00:43:24.160181,True,True,5000,0.005
363,6,-0.7,0 days 00:00:03.049035,0.036885418,4262,1,0.4,4262,0 days 00:43:30.826489,True,True,5000,0.005
364,7,-0.6,0 days 00:00:02.080917,0.0118576735,4270,1,0.4,4270,0 days 00:43:36.526921,True,True,5000,0.005
365,10,-0.30000000000000004,0 days 00:00:03.316315,0.0068191546,4281,1,0.4,4281,0 days 00:43:43.461249,True,True,5000,0.005
366,9,-0.4,0 days 00:00:02.214982,0.018377114,4291,1,0.4,4291,0 days 00:43:49.294228,True,True,5000,0.005
367,7,-0.6,0 days 00:00:02.082211,0.030661974,4299,1,0.4,4299,0 days 00:43:54.995964,True,True,5000,0.005
368,17,0.40000000000000013,0 days 00:00:05.849602,0.014431276,4317,1,0.4,4317,0 days 00:44:04.462454,True,True,5000,0.005
369,7,-0.6,0 days 00:00:02.082509,0.006923683,4325,1,0.4,4325,0 days 00:44:10.162766,True,True,5000,0.005
370,7,-0.6,0 days 00:00:02.598899,0.016616665,4333,1,0.4,4333,0 days 00:44:16.378964,True,True,5000,0.005
371,9,-0.4,0 days 00:00:02.216119,0.036304455,4343,1,0.4,4343,0 days 00:44:22.212854,True,True,5000,0.005
372,11,-0.20000000000000007,0 days 00:00:03.898313,0.035370037,4355,1,0.4,4355,0 days 00:44:29.729509,True,True,5000,0.005
373,14,0.09999999999999987,0 days 00:00:04.616400,0.033847757,4370,1,0.4,4370,0 days 00:44:37.963509,True,True,5000,0.005
374,7,-0.6,0 days 00:00:02.081943,0.037682105,4378,1,0.4,4378,0 days 00:44:43.662934,True,True,5000,0.005
375,7,-0.6,0 days 00:00:02.082543,0.04162956,4386,1,0.4,4386,0 days 00:44:49.364123,True,True,5000,0.005
376,12,-0.10000000000000009,0 days 00:00:04.999375,0.030018263,4399,1,0.4,4399,0 days 00:44:57.981103,True,True,5000,0.005
377,7,-0.6,0 days 00:00:02.082819,0.015501084,4407,1,0.4,4407,0 days 00:45:03.680953,True,True,5000,0.005
378,12,-0.10000000000000009,0 days 00:00:05.000402,0.019975908,4420,1,0.4,4420,0 days 00:45:12.298476,True,True,5000,0.005
379,21,0.8000000000000005,0 days 00:00:06.115332,0.042370312,4442,1,0.4,4442,0 days 00:45:22.031478,True,True,5000,0.005
380,7,-0.6,0 days 00:00:02.598765,0.03094599,4450,1,0.4,4450,0 days 00:45:28.247854,True,True,5000,0.005
381,8,-0.5,0 days 00:00:03.698946,0.011455496,4459,1,0.4,4459,0 days 00:45:35.565377,True,True,5000,0.005
382,12,-0.10000000000000009,0 days 00:00:03.965994,0.013341682,4472,1,0.4,4472,0 days 00:45:43.149422,True,True,5000,0.005
383,8,-0.5,0 days 00:00:03.181985,0.021329012,4481,1,0.4,4481,0 days 00:45:49.949339,True,True,5000,0.005
384,7,-0.6,0 days 00:00:02.081802,0.033385903,4489,1,0.4,4489,0 days 00:45:55.649013,True,True,5000,0.005
385,9,-0.4,0 days 00:00:02.215707,0.028868625,4499,1,0.4,4499,0 days 00:46:01.483424,True,True,5000,0.005
386,7,-0.6,0 days 00:00:03.632539,0.010491054,4507,1,0.4,4507,0 days 00:46:08.733702,True,True,5000,0.005
387,9,-0.4,0 days 00:00:02.215613,0.025400091,4517,1,0.4,4517,0 days 00:46:14.567057,True,True,5000,0.005
388,5,-0.7999999999999999,0 days 00:00:02.981976,0.033532467,4523,1,0.4,4523,0 days 00:46:21.166943,True,True,5000,0.005
389,7,-0.6,0 days 00:00:03.115148,0.027165199,4531,1,0.4,4531,0 days 00:46:27.900914,True,True,5000,0.005
390,23,1.0000000000000004,0 days 00:00:04.700543,0.018316723,4555,1,0.4,4555,0 days 00:46:36.218802,True,True,5000,0.005
391,7,-0.6,0 days 00:00:03.116204,0.024230484,4563,1,0.4,4563,0 days 00:46:42.952081,True,True,5000,0.005
392,13,-1.1102230246251565e-16,0 days 00:00:04.032814,0.027590482,4577,1,0.4,4577,0 days 00:46:50.602482,True,True,5000,0.005
393,6,-0.7,0 days 00:00:03.049318,0.014491522,4584,1,0.4,4584,0 days 00:46:57.269422,True,True,5000,0.005
394,8,-0.5,0 days 00:00:02.148466,0.032241542,4593,1,0.4,4593,0 days 00:47:03.035937,True,True,5000,0.005
395,7,-0.6,0 days 00:00:02.083287,0.02029253,4601,1,0.4,4601,0 days 00:47:08.736024,True,True,5000,0.005
396,8,-0.5,0 days 00:00:02.665733,0.020665351,4610,1,0.4,4610,0 days 00:47:15.019370,True,True,5000,0.005
397,7,-0.6,0 days 00:00:02.081223,0.019010099,4618,1,0.4,4618,0 days 00:47:20.718987,True,True,5000,0.005
398,9,-0.4,0 days 00:00:02.215427,0.014276107,4628,1,0.4,4628,0 days 00:47:26.553815,True,True,5000,0.005
399,8,-0.5,0 days 00:00:03.182152,0.015184281,4637,1,0.4,4637,0 days 00:47:33.353497,True,True,5000,0.005
400,8,-0.5,0 days 00:00:02.925814,0.036064804,4646,1,0.4,4646,0 days 00:47:39.896632,True,True,5000,0.005
401,8,-0.5,0 days 00:00:02.148535,0.030383013,4655,1,0.4,4655,0 days 00:47:45.670053,True,True,5000,0.005
402,23,1.0000000000000004,0 days 00:00:06.248823,0.033244584,4679,1,0.4,4679,0 days 00:47:55.538652,True,True,5000,0.005
403,7,-0.6,0 days 00:00:02.081798,0.0120434975,4687,1,0.4,4687,0 days 00:48:01.237978,True,True,5000,0.005
404,12,-0.10000000000000009,0 days 00:00:02.932495,0.029965417,4700,1,0.4,4700,0 days 00:48:07.788527,True,True,5000,0.005
405,23,1.0000000000000004,0 days 00:00:05.733199,0.034717463,4724,1,0.4,4724,0 days 00:48:17.139267,True,True,5000,0.005
406,7,-0.6,0 days 00:00:02.082215,0.028972821,4732,1,0.4,4732,0 days 00:48:22.838796,True,True,5000,0.005
407,10,-0.30000000000000004,0 days 00:00:03.833169,0.020367052,4743,1,0.4,4743,0 days 00:48:30.288977,True,True,5000,0.005
408,10,-0.30000000000000004,0 days 00:00:03.832702,0.015687814,4754,1,0.4,4754,0 days 00:48:37.739690,True,True,5000,0.005
409,7,-0.6,0 days 00:00:02.082401,0.045880087,4762,1,0.4,4762,0 days 00:48:43.439541,True,True,5000,0.005
410,7,-0.6,0 days 00:00:02.081823,0.026393296,4770,1,0.4,4770,0 days 00:48:49.139194,True,True,5000,0.005
411,7,-0.6,0 days 00:00:02.082798,0.012816504,4778,1,0.4,4778,0 days 00:48:54.840095,True,True,5000,0.005
412,8,-0.5,0 days 00:00:02.149489,0.029346876,4787,1,0.4,4787,0 days 00:49:00.607422,True,True,5000,0.005
413,8,-0.5,0 days 00:00:04.732802,0.041986663,4796,1,0.4,4796,0 days 00:49:08.957217,True,True,5000,0.005
414,6,-0.7,0 days 00:00:03.049327,0.02068918,4803,1,0.4,4803,0 days 00:49:15.624381,True,True,5000,0.005
415,5,-0.7999999999999999,0 days 00:00:02.981379,0.041414596,4809,1,0.4,4809,0 days 00:49:22.223824,True,True,5000,0.005
416,11,-0.20000000000000007,0 days 00:00:04.415509,0.017114671,4821,1,0.4,4821,0 days 00:49:30.258057,True,True,5000,0.005
417,14,0.09999999999999987,0 days 00:00:05.132096,0.018879244,4836,1,0.4,4836,0 days 00:49:39.008908,True,True,5000,0.005
418,7,-0.6,0 days 00:00:03.115818,0.046776675,4844,1,0.4,4844,0 days 00:49:45.742276,True,True,5000,0.005
419,14,0.09999999999999987,0 days 00:00:05.649226,0.008201028,4859,1,0.4,4859,0 days 00:49:55.009285,True,True,5000,0.005
420,11,-0.20000000000000007,0 days 00:00:03.898954,0.015270912,4871,1,0.4,4871,0 days 00:50:02.526007,True,True,5000,0.005
421,23,1.0000000000000004,0 days 00:00:07.283538,0.017161319,4895,1,0.4,4895,0 days 00:50:13.427368,True,True,5000,0.005
422,8,-0.5,0 days 00:00:02.148560,0.013543964,4904,1,0.4,4904,0 days 00:50:19.193204,True,True,5000,0.005
423,20,0.7000000000000004,0 days 00:00:03.983086,0.023631647,4925,1,0.4,4925,0 days 00:50:26.794252,True,True,5000,0.005
424,9,-0.4,0 days 00:00:02.216377,0.014624548,4935,1,0.4,4935,0 days 00:50:32.627450,True,True,5000,0.005
425,7,-0.6,0 days 00:00:02.082424,0.015465845,4943,1,0.4,4943,0 days 00:50:38.327564,True,True,5000,0.005
426,7,-0.6,0 days 00:00:03.115841,0.00022383034,4951,1,0.4,4951,0 days 00:50:45.061230,True,True,5000,0.005
427,7,-0.6,0 days 00:00:02.082208,0.044258654,4959,1,0.4,4959,0 days 00:50:50.761573,True,True,5000,0.005
428,8,-0.5,0 days 00:00:02.147914,0.023372978,4968,1,0.4,4968,0 days 00:50:56.528016,True,True,5000,0.005
429,7,-0.6,0 days 00:00:02.081883,0.034400493,4976,1,0.4,4976,0 days 00:51:02.227961,True,True,5000,0.005
430,9,-0.4,0 days 00:00:04.282623,0.01426558,4986,1,0.4,4986,0 days 00:51:10.129319,True,True,5000,0.005
431,5,-0.7999999999999999,0 days 00:00:02.982157,0.014608427,4992,1,0.4,4992,0 days 00:51:16.728941,True,True,5000,0.005
432,8,-0.5,0 days 00:00:05.105786,0.03662024,5001,1,0.40002000000000004,5001,0 days 00:51:25.452540,True,True,5000,0.005
433,23,1.0000000000000004,0 days 00:00:03.029938,0.009290922,5025,1,0.4000600000000001,5025,0 days 00:51:32.110991,True,True,5000,0.005
434,30,1.700000000000001,0 days 00:00:03.331320,0.022099081,5056,1,0.40012000000000014,5056,0 days 00:51:39.062349,True,True,5000,0.005
435,30,1.700000000000001,0 days 00:00:03.275754,0.041520532,5087,1,0.4001800000000002,5087,0 days 00:51:45.957148,True,True,5000,0.005
436,31,1.8000000000000012,0 days 00:00:03.377584,0.059059512,5119,1,0.40024000000000026,5119,0 days 00:51:52.958360,True,True,5000,0.005
437,30,1.700000000000001,0 days 00:00:03.303695,0.06440448,5150,1,0.4003000000000003,5150,0 days 00:51:59.885228,True,True,5000,0.005
438,30,1.700000000000001,0 days 00:00:03.299994,0.0638554,5181,1,0.4003600000000004,5181,0 days 00:52:06.814365,True,True,5000,0.005
439,30,1.700000000000001,0 days 00:00:03.320354,0.044253107,5212,1,0.40042000000000044,5212,0 days 00:52:13.753663,True,True,5000,0.005
440,24,1.1000000000000005,0 days 00:00:04.302576,0.030666437,5237,1,0.4004800000000005,5237,0 days 00:52:21.685008,True,True,5000,0.005
441,26,1.3000000000000007,0 days 00:00:05.126797,0.011965116,5264,1,0.40054000000000056,5264,0 days 00:52:30.425371,True,True,5000,0.005
442,25,1.2000000000000006,0 days 00:00:05.604560,0.01748405,5290,1,0.4006000000000006,5290,0 days 00:52:39.654394,True,True,5000,0.005
443,15,0.19999999999999996,0 days 00:00:02.685610,-0.0017958588,5306,1,0.40062000000000064,5306,0 days 00:52:45.969338,True,True,5000,0.005
444,15,0.19999999999999996,0 days 00:00:02.678119,-0.0065925517,5322,1,0.40064000000000066,5322,0 days 00:52:52.262755,True,True,5000,0.005
445,20,0.7000000000000004,0 days 00:00:04.374877,0.0003166942,5343,1,0.4006800000000007,5343,0 days 00:53:00.259344,True,True,5000,0.005
446,23,1.0000000000000004,0 days 00:00:05.103007,0.0025661304,5367,1,0.40072000000000074,5367,0 days 00:53:08.986640,True,True,5000,0.005
447,12,-0.10000000000000009,0 days 00:00:04.023395,0.0039304583,5380,1,0.40074000000000076,5380,0 days 00:53:16.624797,True,True,5000,0.005
448,15,0.19999999999999996,0 days 00:00:03.219380,-0.011109405,5396,1,0.4007600000000008,5396,0 days 00:53:23.470155,True,True,5000,0.005
449,15,0.19999999999999996,0 days 00:00:02.685332,-0.00025131262,5412,1,0.4007800000000008,5412,0 days 00:53:29.769986,True,True,5000,0.005
450,14,0.09999999999999987,0 days 00:00:03.638130,0.007933621,5427,1,0.4008000000000008,5427,0 days 00:53:37.024003,True,True,5000,0.005
451,23,1.0000000000000004,0 days 00:00:03.050702,0.00023816433,5451,1,0.40084000000000086,5451,0 days 00:53:43.703027,True,True,5000,0.005
452,23,1.0000000000000004,0 days 00:00:04.162882,-0.0010022273,5475,1,0.4008800000000009,5475,0 days 00:53:51.481890,True,True,5000,0.005
453,20,0.7000000000000004,0 days 00:00:03.932204,0.010643607,5496,1,0.40092000000000094,5496,0 days 00:53:59.034272,True,True,5000,0.005
454,15,0.19999999999999996,0 days 00:00:02.705830,0.019071523,5512,1,0.40094000000000096,5512,0 days 00:54:05.360212,True,True,5000,0.005
455,29,1.600000000000001,0 days 00:00:06.335794,0.016487658,5542,1,0.401000000000001,5542,0 days 00:54:15.322628,True,True,5000,0.005
456,15,0.19999999999999996,0 days 00:00:02.699681,0.027548067,5558,1,0.40102000000000104,5558,0 days 00:54:21.637034,True,True,5000,0.005
457,7,-0.6,0 days 00:00:02.656984,0.0034662494,5566,1,0.40104000000000106,5566,0 days 00:54:27.912502,True,True,5000,0.005
458,23,1.0000000000000004,0 days 00:00:02.993969,0.017756397,5590,1,0.4010800000000011,5590,0 days 00:54:34.532199,True,True,5000,0.005
459,15,0.19999999999999996,0 days 00:00:03.189327,0.01924534,5606,1,0.4011000000000011,5606,0 days 00:54:41.344339,True,True,5000,0.005
460,22,0.9000000000000004,0 days 00:00:02.999663,0.023080079,5629,1,0.40114000000000116,5629,0 days 00:54:47.971286,True,True,5000,0.005
461,31,1.8000000000000012,0 days 00:00:04.414588,0.016692305,5661,1,0.4012000000000012,5661,0 days 00:54:56.003967,True,True,5000,0.005
462,30,1.700000000000001,0 days 00:00:03.302439,0.03779466,5692,1,0.4012600000000013,5692,0 days 00:55:02.924081,True,True,5000,0.005
463,30,1.700000000000001,0 days 00:00:03.281448,0.024203908,5723,1,0.40132000000000134,5723,0 days 00:55:09.820392,True,True,5000,0.005
464,30,1.700000000000001,0 days 00:00:03.315581,0.046064254,5754,1,0.4013800000000014,5754,0 days 00:55:16.755740,True,True,5000,0.005
465,31,1.8000000000000012,0 days 00:00:03.352495,0.03970257,5786,1,0.40144000000000146,5786,0 days 00:55:23.725875,True,True,5000,0.005
466,30,1.700000000000001,0 days 00:00:03.271174,0.023186354,5817,1,0.4015000000000015,5817,0 days 00:55:30.611966,True,True,5000,0.005
467,30,1.700000000000001,0 days 00:00:03.290560,0.016072309,5848,1,0.4015600000000016,5848,0 days 00:55:37.530522,True,True,5000,0.005
468,30,1.700000000000001,0 days 00:00:03.275611,-0.002326566,5879,1,0.40162000000000164,5879,0 days 00:55:44.433801,True,True,5000,0.005
